#:standard,name,true
x;y;vx_mps;psi_rad;kappa_radpm;ax_mps2;s_m
20.878991308211;6.12137068091816;2.92037121971102;-1.94220485111699;0.361427356436255;-2.77244512945297;0
20.7365652053014;6.1625298865987;2.8027936510212;-1.86341454357396;0.592022425605438;-2.51373573037144;0.148254089327375
20.6064008717735;6.18360766556884;2.71958410286505;-1.7651696029377;0.673209284268804;-2.2757831356664;0.280113963773924
20.4845153295708;6.19112704720907;2.6473947610699;-1.67530020122725;0.773319848748306;-2.06974425690114;0.402231229131092
20.369418461326;6.1875284364696;2.58846666798864;-1.58600665805276;0.845332814880671;-1.8727413315742;0.517384340591419
20.260147438944;6.1743886825987;2.53624828484232;-1.50103204986034;0.839900878431985;-1.68511966898454;0.627442550027214
20.1520638952044;6.1527499930986;2.49219815552447;-1.41073493732818;0.836343680665767;-1.46057651109508;0.737670882639953
20.0267673881423;6.11391189831214;2.44757963711709;-1.30615321729293;0.846616458767508;-1.33000229593083;0.868848671493871
19.8876019036321;6.04952831101117;2.40859343898091;-1.18420766810481;0.841989479713634;-1.10039779476151;1.022185811133
19.7533624180286;5.96765217278401;2.37593170600487;-1.05496802460811;0.822445045924968;-1.01824282544317;1.17942429721725
19.6281892568427;5.86385412883015;2.35417128698466;-0.918787926134149;0.827441662727138;-0.770623705025887;1.34203534914767
19.5147490432495;5.74084413078644;2.34122092438239;-0.77817666168866;0.838179683419055;-0.714439891606441;1.5093677778003
19.4196099516032;5.60106868446757;2.33984860591999;-0.633471722527721;0.839167501210196;-0.434045800931686;1.67844948039682
19.3457969072162;5.44991892856923;2.34914893510495;-0.490667940333086;0.843319750330854;-0.379791659028583;1.84665951050739
19.2956565332802;5.29560476321062;2.36907574958568;-0.351690269707931;0.844341317489733;-0.0658813987684031;2.0089152306801
19.2681077804432;5.14266474203449;2.39963352150491;-0.220273454981799;0.827346882343239;0.00961555079044505;2.16431659444578
19.2598886808987;4.9916485611782;2.4391144672781;-0.0928007035400471;0.794416159184887;0.323796864379995;2.31555627335888
19.2714239389766;4.83482833194153;2.49130479832133;0.0360143069218444;0.762778514934187;0.410547044145131;2.47280018095713
19.3043575864735;4.66494488639816;2.55801186195353;0.172131015945773;0.733499546032603;0.750909176829836;2.64584644704553
19.3608772856096;4.4994804806147;2.63456275953773;0.300644054271771;0.696426722823125;0.822566897012281;2.82069765799844
19.4254350491924;4.36419662151974;2.70854834476851;0.409714361923055;0.667739863538412;1.10441693858274;2.97059571459173
19.4938988239321;4.24992270532932;2.77974466465847;0.500634307381787;0.648566317435371;1.16189478360055;3.10380913873925
19.5646790124786;4.15062689597332;2.84863725953539;0.580738267769587;0.609207055793922;1.38014756742065;3.22574966869686
19.6390593837133;4.06013106190314;2.9166328486587;0.651940592192467;0.555606961017899;1.45875215948737;3.34289033460354
19.7157160990824;3.97873194918837;2.98609125675959;0.717846672569699;0.510098137193658;1.65232238639509;3.45470297951428
19.8015953863873;3.89610936836996;3.05942711273368;0.78066383345618;0.462540805414408;1.70589860600489;3.57387404500041
19.8922122968362;3.81845597140018;3.13432342490247;0.83882511905832;0.411728892016501;1.85946678520849;3.69321169421572
19.9848582890035;3.74744809967325;3.20837120518367;0.890311754021397;0.367798463884522;1.90549121437602;3.80993957311299
20.078851157742;3.68086117459325;3.28159399401449;0.935786453534568;0.324079014841451;2.01393095663611;3.925128452634
20.1755829008153;3.61798421310485;3.3549271926017;0.97575893981059;0.273341334359686;2.04752676447853;4.04049977664486
20.2743483190627;3.55781011217249;3.42732675587101;1.00999566400077;0.224871618687107;2.1125243991812;4.15615240421806
20.3732478875224;3.50135731221515;3.49804245183618;1.03821699279599;0.179163626511976;2.13064487428524;4.27002972094331
20.4719275538329;3.44738991618407;3.56675546565762;1.06066998256798;0.134792062867343;2.15769007501249;4.3825026349161
20.5698070907696;3.39575831404329;3.63311782659726;1.07747997851875;0.0893356724940284;2.15595352548337;4.49316530292376
20.6658491575178;3.34613480925087;3.69655943794381;1.08891514797307;0.0462334449375591;2.15152089760598;4.60126974692649
20.760517184556;3.29815597624235;3.75727467819133;1.09537653880577;0.00616407911199235;2.12917920826972;4.70740175793241
20.8539292654516;3.25049996119649;3.81561848376707;1.09727385350995;-0.0347203730382213;2.09975321298139;4.8122679232447
20.9459383077807;3.20320960809037;3.87162436496996;1.09493831866369;-0.0727051460015692;2.0595343163108;4.9157185944229
21.0367109765289;3.15571905001972;3.92544103492515;1.08871168774465;-0.105186089026775;2.01269169252018;5.01816385052358
21.1270799187547;3.10699880455964;3.97743833119656;1.0788715550366;-0.135034572179798;1.95996038819818;5.12082936584741
21.2161648870751;3.05732890605065;4.02749660714352;1.06578104680076;-0.16218236892715;1.9034252444265;5.22282559322145
21.3042227188521;3.00634565488748;4.07571578007002;1.04979043212687;-0.184319926726546;1.84512345153657;5.32457761352782
21.3920047314553;2.95320660390958;4.12251305732752;1.03115872871279;-0.202462877527218;1.78704869721813;5.42719067544243
21.4794729486311;2.8977192080158;4.16809379499023;1.01020652114825;-0.21696510072788;1.72994627547849;5.53077416891026
21.5666047988119;2.83941487946868;4.21239641401771;0.987367554663828;-0.227346452360317;1.67454745711004;5.6356138276433
21.6524017732985;2.77901535350518;4.25515509821567;0.963210535367179;-0.233365597681426;1.62196361095697;5.74053867488011
21.7364242521772;2.71665185467698;4.29626072901768;0.938266392010821;-0.235805411050841;1.57356401228093;5.84517606276323
21.818811594811;2.65225988443941;4.33582817377497;0.912984254705906;-0.236397095974374;1.53029914382194;5.94974183181477
21.89943906853;2.58590956167937;4.37392891443987;0.887799340808368;-0.235175895234437;1.48624929719288;6.05416000479567
21.9782810401204;2.51770439778524;4.41052210140206;0.862930526661047;-0.232256766835945;1.43870090964077;6.158409709189
22.0554037831775;2.44768630157078;4.44562204365013;0.838419327951473;-0.229084228287164;1.39133086281613;6.26257520872767
22.1307285964469;2.37587531144249;4.47920893582276;0.81431034802945;-0.225854698139872;1.34065656874818;6.36664559739458
22.2041276018859;2.30261049930542;4.5111555096922;0.790678866595609;-0.222615685377728;1.28837834305814;6.47035262076767
22.2750161518308;2.22845711608254;4.54140835794499;0.767549154763557;-0.219636366639675;1.23325420401355;6.5729387346267
22.3442192028203;2.15279332751189;4.56999170931162;0.744868327774152;-0.216922706022787;1.17517692437991;6.67547687956367
22.4108080140215;2.07659683183376;4.59678936836206;0.722700930007212;-0.213924512766974;1.11483225620775;6.77666964477355
22.4751431898288;1.99975672272674;4.62180056096054;0.701006132243461;-0.21146118302889;1.04978785115002;6.87688649572055
22.5380440566557;1.92134866181085;4.6453198148106;0.67949166423146;-0.209411871985955;0.984546828805298;6.97740685716122
22.6003680401426;1.84025473012844;4.66755054109898;0.657949819382967;-0.207198026697866;0.91881586195771;7.0796834657938
22.6613535413311;1.75725530473098;4.68839942124398;0.636441161970905;-0.205579544986451;0.852801849830497;7.18267927139544
22.7207784068021;1.67262128546609;4.70777527859223;0.615044206182815;-0.204133371784347;0.786768911935715;7.28609219057467
22.7787270807069;1.58637402681494;4.72567414408366;0.593756727667896;-0.202571497375095;0.720735938829015;7.38999906441929
22.8348181775036;1.49881459832943;4.74207029133403;0.572608188775957;-0.201076067882293;0.654820261482539;7.49398398956024
22.889224916668;1.40997895156121;4.75697296852562;0.551591162799013;-0.199656603237336;0.589024739700144;7.59815627667746
22.9417871184525;1.31991605421492;4.77038303723773;0.53071250808145;-0.197782454628661;0.523396486924369;7.70243528000429
22.9923819806479;1.22897199975517;4.78230064544599;0.509978704046254;-0.195779273949363;0.457981001518483;7.80650574229862
23.0412178320767;1.13683025891791;4.7927384825287;0.489359165423233;-0.19316188966884;0.392637000984457;7.9107892059412
23.0882766780733;1.04347302553087;4.80170623554204;0.468943618791259;-0.18933477112034;0.327261218976845;8.0153363628237
23.1335959917043;0.948998337902374;4.80918676408755;0.448899669820526;-0.184516627837315;0.261863711588345;8.12011855019584
23.1770404677576;0.85354235438745;4.81516563097785;0.429372778800272;-0.17853625428543;0.196483719171701;8.22499594188891
23.2187714320017;0.757227863091188;4.81963598771502;0.410490716172858;-0.17132099167618;0.13110364706952;8.3299623870531
23.258770869047;0.659974285451391;4.8225928290391;0.392361409271709;-0.162863531390379;0.0656861564146175;8.43512042682029
23.2971483122196;0.562000425023882;4.82402926343179;0.37509866916999;-0.153675264235608;0.000243882942120973;8.54034259877815
23.3339127263552;0.463365215586229;4.82394198574276;0.358802384043182;-0.144206744123353;-0.0652165591160144;8.64560667948733
23.3691936848103;0.364153834326594;4.82232978969315;0.343555931821117;-0.133736386404641;-0.130712351262415;8.75090456266147
23.4030971798582;0.264443505584048;4.81919362423107;0.32943699681696;-0.121521288213301;-0.196237168136818;8.85622121203092
23.435595882605;0.164495922539288;4.81455220767322;0.316547016767615;-0.109393859993244;-0.261601806024903;8.96131966604768
23.4666765126171;0.0648419273081728;4.80843115089002;0.304944096065674;-0.0975446581087323;-0.326733922569726;9.0657080002976
23.496877729343;-0.0351943574226681;4.80080615015524;0.294599737701437;-0.0844111879448244;-0.392014722825261;9.17020379808142
23.5263322969619;-0.135884664990932;4.79165238708126;0.285526580546291;-0.0716480073914874;-0.457608804877112;9.27511380519135
23.5549147589296;-0.236815586897713;4.78098541790381;0.277771320007319;-0.05999983574066;-0.523368266771485;9.38001379627377
23.5829356802274;-0.337835848906209;4.76881458014747;0.271350096928847;-0.0476963059445878;-0.589247949151877;9.48484826277521
23.6103547407863;-0.43883861248424;4.75515899388618;0.266267017602663;-0.0349549277586863;-0.655176937613493;9.58950657889167
23.6373232475469;-0.5396040227348;4.74004218689173;0.262510096195974;-0.0228704693260685;-0.721090957673559;9.69381845865547
23.6639799840179;-0.640050562798258;4.72347768390178;0.260050584412271;-0.0105907039164622;-0.786982731021155;9.7977419353583
23.6903975674295;-0.7401421496143;4.70547483745086;0.258848459008109;0.00166259435504087;-0.852858084568765;9.90126108558985
23.7167632429416;-0.839868160910676;4.68602422715591;0.258853775599545;0.0128434984289781;-0.918778031246952;10.0044135270263
23.7431996708717;-0.939464414372921;4.6650896006244;0.260010923214678;0.0234461663776463;-0.984864340687682;10.1074586551276
23.7699166101598;-1.03878940102148;4.64266506703637;0.262255802531009;0.0334384905510297;-1.05111647633802;10.2103141256562
23.7967709129134;-1.13739927505094;4.6188062189146;0.265505202683266;0.0420977346557729;-1.11736323654266;10.3125152060443
23.823907218367;-1.23534060807068;4.59352946608956;0.269667539362073;0.0500288001519452;-1.18356611091811;10.4141463222802
23.851423058901;-1.33262031289162;4.56681309769736;0.274648663530938;0.0579594064452988;-1.24978198936191;10.5152426251322
23.8793175920642;-1.42917773579381;4.53863049453592;0.280347756767021;0.0642600991174053;-1.31606340352015;10.6157485498227
23.9078020961804;-1.52543741558358;4.50885988283638;0.286675978415002;0.0688205294770823;-1.38265678374122;10.7161342705602
23.9370362568894;-1.62147149526363;4.47747420355471;0.293516232883802;0.0728818522307579;-1.44956277637459;10.8165194318757
23.9667212826574;-1.71639803902275;4.44458696884819;0.300711457011752;0.0751667692226864;-1.51649934627168;10.9159792200562
23.9968742825028;-1.81062477511696;4.41015271014448;0.308132336272579;0.0754461616388982;-1.58353356941253;11.0149129412772
24.0277051988506;-1.90424542948742;4.37404985094156;0.315657658102207;0.074866148009695;-1.65085992325138;11.1134795295696
24.0590964741283;-1.99734265316145;4.33621783739841;0.323143520761887;0.0730021898108932;-1.71853522917182;11.2117266934949
24.0911135858305;-2.08992727981843;4.2965872700001;0.330438712558214;0.0690341069632165;-1.78662374073036;11.3096910162608
24.1236906230904;-2.18207233686047;4.25508102673651;0.337383953724778;0.0634544394658265;-1.85519515722025;11.4074252216032
24.1567809125008;-2.27383233832243;4.21159954829498;0.343813279497764;0.0555550168356922;-1.92434815050533;11.5049693917086
24.1904218636476;-2.36546694573241;4.16595765381957;0.349559698635948;0.0455668775028304;-1.99430183631108;11.6025840159677
24.2245858037705;-2.4571988647677;4.11809426013126;0.35442531331656;0.0343021852851258;-2.0650721068209;11.7004712969322
24.2589298426023;-2.54824924425358;4.06813274094298;0.358189755667417;0.0201465039771508;-2.13630128754182;11.7977836014358
24.2932909321952;-2.63911336866887;4.0160643299382;0.360641901032494;0.00226012963058286;-2.2009684185118;11.8949276881512
24.3277052879773;-2.72948676867638;3.96229773884185;0.361552920498209;-0.0174610353060158;-2.26298506515072;11.9916318727184
24.3608899818118;-2.8172415836439;3.90765085625676;0.360751479196115;-0.0369432080582811;-2.32042068574417;12.0854515479197
24.3931089346473;-2.90319010687082;3.8521969536788;0.35812689979744;-0.060394959932109;-2.37458191483224;12.1772404882486
24.4245406611588;-2.98882099431866;3.79538958678402;0.353537273544711;-0.0873413313839282;-2.4247997957356;12.2684578238631
24.4550479035249;-3.07363062717513;3.73773771858145;0.34692052513052;-0.113916854193662;-2.47080558521944;12.3585875396178
24.4837438907494;-3.15551446578502;3.68018936961678;0.338342672180757;-0.143007885083319;-2.51232603813001;12.4453540234021
24.510496021892;-3.23598942089995;3.62249386522427;0.32774921789091;-0.174299197622055;-2.54916187348137;12.5301590640625
24.5361465897969;-3.31576853117044;3.56424623153473;0.315026568363365;-0.205901666681055;-2.58065489655753;12.6139603651825
24.5596803645087;-3.39503008884043;3.5053733592014;0.300103497719071;-0.235523017769853;-2.60612632836473;12.6966418811123
24.5819818227538;-3.47434930121208;3.44573501552255;0.282877308473549;-0.266654863965044;-2.62491400074119;12.7790366169339
24.6022781223161;-3.55412970008285;3.38512239624438;0.26319896388197;-0.298572837332197;-2.63595610282697;12.8613582533359
24.620879831763;-3.63502932016033;3.32333462884481;0.240887013810271;-0.330858057931102;-2.63846702295938;12.9443689280894
24.637541336667;-3.71732010015842;3.26020830607243;0.215733019480375;-0.362452797953529;-2.63087319401563;13.0283295034707
24.6517394416871;-3.8019042600607;3.1952930224164;0.187356674123298;-0.394167739814284;-2.61232515920487;13.1140970165076
24.6637635921514;-3.88992744497923;3.12832549227232;0.155373195362065;-0.425407175714591;-2.58043673010038;13.2029376675498
24.6722810282359;-3.98086935455604;3.05937499636374;0.119481444734095;-0.452300065472609;-2.5281838918958;13.294277569208
24.677674783301;-4.07622581870049;2.98841153325636;0.0793249883199583;-0.47954136082324;-2.45912811895421;13.38978645805
24.6780895270517;-4.17560298692544;2.91574310360842;0.034720353587101;-0.504992419086572;-2.3776279711406;13.4891644917234
24.6736725070737;-4.27939414077048;2.84181525179161;-0.0145984751753268;-0.527806261226122;-2.28318597265848;13.593049590183
24.6628091485748;-4.38709315008912;2.76743023301836;-0.068867478832447;-0.549636648115602;-2.17652433507056;13.701295094321
24.6446894333779;-4.49735547990014;2.69401513425593;-0.127983758087368;-0.58009379792077;-2.05801002620003;13.8130363376208
24.6193778606844;-4.60772147390578;2.62379684243342;-0.191131478412068;-0.607791222978221;-1.92858540070592;13.9262676422369
24.5861020355693;-4.71683051778432;2.55820724880323;-0.257954063525812;-0.633813777549425;-1.78963756476636;14.0403380765885
24.5451797076384;-4.82472926178982;2.49744422989627;-0.329302823179773;-0.672497663894644;-1.64308451083833;14.1557364122839
24.4930500155953;-4.93063268468445;2.44290496326645;-0.404637110424167;-0.709560565893582;-1.49009244204036;14.2737747101931
24.4378134277604;-5.02680847624115;2.39682029588953;-0.481431460119893;-0.738118843951417;-1.33141432249017;14.384683968225
24.3707039101013;-5.12341462082301;2.3571847647316;-0.564005159837576;-0.770944992698829;-1.17049359673427;14.5023123429116
24.2873046582749;-5.22271977943453;2.32259128816702;-0.658720524498296;-0.791347719444919;-1.01032765375115;14.6319925254071
24.1846451423111;-5.32103804072003;2.29466926988412;-0.766839302362691;-0.783845181374696;-0.853166481911314;14.7741384248208
24.0578578786431;-5.41674260897364;2.274663678932;-0.891725346124823;-0.791620033237921;-0.701651129339958;14.9329917364421
23.9014906000732;-5.5022608665418;2.26444541499915;-1.03243886339851;-0.823322893421698;-0.557159318207808;15.1112165893242
23.7419103789559;-5.56087387517614;2.26500723836305;-1.17171344007914;-0.833930451259606;-0.418598485499105;15.2812205061997
23.6068950757507;-5.59265644086108;2.27371766475601;-1.29180827405837;-0.840742151113459;-0.284086324959972;15.4199261786904
23.4732606910052;-5.60920719622757;2.28944130926244;-1.40659693281445;-0.86042874259609;-0.15115019594531;15.5545815769837
23.325004306876;-5.60837649098029;2.31395395204861;-1.53057385132787;-0.851996867219186;-0.0202277289495762;15.7028402883846
23.1743281449042;-5.58848857352747;2.3465824762254;-1.65871146263539;-0.809947754381035;0.107028616324853;15.8548232974585
23.0239741915322;-5.54910459702955;2.38675249632401;-1.78916841619799;-0.789664519666215;0.228119337725368;16.0102498360527
22.87532591538;-5.48879552883594;2.43297628657374;-1.9184490050455;-0.784206923594803;0.339767577138261;16.1706664614673
22.7454988196025;-5.41607231242233;2.48086523805777;-2.03718789371785;-0.774131171126262;0.435204055449136;16.3194741931332
22.6374130876913;-5.33954481688188;2.52723776859934;-2.1415880929063;-0.753387363728706;0.512707537548677;16.4519090186758
22.5419113149159;-5.25695366672721;2.57325450004087;-2.237905350089;-0.72721412016063;0.570834576128472;16.5781702030798
22.4521964667702;-5.16443656449353;2.62192168731462;-2.3348186476872;-0.696583554142542;0.610856537847143;16.7070428851483
22.3611305048056;-5.05031723872361;2.67365986778337;-2.43492581215661;-0.65754158111438;0.636672336175738;16.8530436726212
22.2822233698299;-4.92976661558699;2.72469477285741;-2.53220561430946;-0.617872748081916;0.656323388901032;16.9971227782844
22.2168717090894;-4.80606453925607;2.7725379832475;-2.62271349850629;-0.588321125644111;0.658802358958456;17.1370264710524
22.1634656640521;-4.68187993355405;2.81596128805359;-2.70495458381811;-0.559149310539328;0.651772112575619;17.272207911864
22.1224733392245;-4.56167544760902;2.85475584487978;-2.77903641831857;-0.520636185752849;0.631241531851684;17.399209837582
22.0889023046188;-4.43900934968304;2.88982586301089;-2.84719629369269;-0.479872895852451;0.599270313125302;17.5263868242772
22.0631348357618;-4.31608660945946;2.92096696890263;-2.90945931202472;-0.43616932119661;0.554995677143318;17.651981260919
22.0450117108097;-4.1955472554562;2.94758590535529;-2.96485974925797;-0.391315468892091;0.502037928769063;17.7738754097595
22.0323903545046;-4.07768630067585;2.96958173551227;-3.0133377019757;-0.345751547800591;0.435943125114353;17.8924102286809
22.0255345041145;-3.96424242133934;2.98696228917643;-3.05494601167751;-0.297743021734415;0.362511889993605;18.0060610819266
22.0220825474174;-3.85352159124992;2.99998629595671;-3.09037221916425;-0.249318711635485;0.274545487767089;18.1168357099817
22.0216910542423;-3.74356327672556;3.00881930357687;-3.12013487417618;-0.198096024355556;0.181629558732922;18.2267947214357
22.0236462229888;-3.63562961479924;3.01343200031656;-3.14422734310471;-0.147485985313217;0.0741489267710345;18.3347460904018
22.0272450262835;-3.52953917284324;3.01393687630487;-3.16276675789131;-0.0987829932798399;-0.0314672191328458;18.4408975541673
22.031902542652;-3.42491206952462;3.01070600903198;-3.17593349988431;-0.0482292707873956;-0.135742954864997;18.5456282717604
22.0370090236997;-3.32127637622974;3.00402680324952;-3.18385427671439;0.00297760817287727;-0.239179713419469;18.6493896955816
22.0420272433794;-3.21833291825239;2.99410894220068;-3.18661181687809;0.0536793763892059;-0.342291995923536;18.7524553934112
22.0465631666751;-3.11546290016911;2.981081789904;-3.18424569246304;0.104196707019491;-0.445605057361801;18.8554253658332
22.0498330928635;-3.01241722176817;2.96499336091372;-3.17673867769925;0.15432502750748;-0.549664765155967;18.9585229131095
22.0516542837605;-2.90854681547101;2.94581324800857;-3.16402479207557;0.204100988359651;-0.655051628002466;19.0624092839221
22.0511193686627;-2.80353977385602;2.92341015455968;-3.14596829418754;0.252753773662404;-0.762384189040102;19.1674176879806
22.0478217579765;-2.69685704068104;2.89757056298704;-3.12237989688096;0.301438195276929;-0.872339500331406;19.2741513742934
22.0409556608578;-2.58811406524164;2.86794164722356;-3.09298951466811;0.349691861408745;-0.985651685775196;19.383110898875
22.0295076380891;-2.47698778024809;2.83409081267696;-3.05746686012777;0.396735799246985;-1.10313537289629;19.4948253045789
22.012927947134;-2.36304787833203;2.79589443827895;-3.01537727019065;0.442459523519657;-1.19779325814341;19.6099651647526
21.9892651023103;-2.246395314597;2.75344397936889;-2.96625963599704;0.484864767776276;-1.28751158280384;19.7289935262935
21.9580774296505;-2.12657653060489;2.70681612088926;-2.90962941999156;0.524384926633814;-1.34923279458338;19.852804720954
21.9171125214943;-2.0054878633255;2.65676501482395;-2.84543957435792;0.561190817103634;-1.39738774210829;19.9806350344315
21.8665386987934;-1.88472883681693;2.60448959218308;-2.77425289677277;0.596332428469673;-1.39989256037918;20.1115565911969
21.8058126531295;-1.76718426306503;2.55186807246405;-2.69715583382809;0.636312741844962;-1.38731903457715;20.2438607084438
21.7347971687717;-1.65404571779027;2.50013982196855;-2.61488377291918;0.665160841758349;-1.34686857586013;20.3774403829661
21.6534709274444;-1.54673561275866;2.450570206026;-2.52749513697541;0.682434849944429;-1.29015975671354;20.5120859033904
21.558950906911;-1.44336412017079;2.40260474553835;-2.43159642765594;0.718084247408193;-1.21399211133889;20.6521562420116
21.4417210731552;-1.34104991928317;2.35691742313898;-2.32450474040715;0.763318826300087;-1.12428943209247;20.8077551803939
21.3218000297304;-1.25884962305063;2.31899728599088;-2.21648899483576;0.784713742501973;-1.01884413808754;20.9531441254922
21.2064636436625;-1.19500362524438;2.29067834018001;-2.11256536926703;0.814512510280561;-0.89983739135674;21.0849727771089
21.0754886876127;-1.14163612339599;2.26919704641178;-2.00105759051476;0.863715557403295;-0.774376476575122;21.226403075722
20.9253245399067;-1.10044954883644;2.25504469157663;-1.87530384234636;0.863484248936772;-0.637914857017974;21.3821130791906
20.7590453901762;-1.07864061675675;2.25014780480187;-1.73518556914927;0.826105141845544;-0.499200065055095;21.5498163443752
20.5725597512752;-1.08234390721078;2.25676462952789;-1.57287177871991;0.816040794351568;-0.348293687406306;21.7363387502049
20.3475217046044;-1.12661066265498;2.27832765648456;-1.3828176680396;0.841456242429557;-0.194932893627917;21.9656892856021
20.1432729975802;-1.21272046236994;2.31264554795713;-1.1974843263268;0.841800849696976;-0.0246582318523359;22.1873476532041
19.996092351112;-1.30420336777624;2.35084367736861;-1.05055717690105;0.838494367690842;0.144428781765399;22.3606429638054
19.8940325418367;-1.38898001668102;2.39094724764277;-0.932583505017576;0.851973304017479;0.326843311077444;22.4933203351572
19.8007105832976;-1.48347909712982;2.43669819041686;-0.824608208347574;0.840416029896487;0.507455279961488;22.6261324737261
19.7204743763702;-1.58444597896057;2.49037953991928;-0.719644123638086;0.781448095901813;0.702861368645935;22.7550982061077
19.6488153021743;-1.69518760346622;2.55179464249212;-0.617984591565683;0.723502944970126;0.894289716376733;22.8870024528656
19.5883560287455;-1.81187031912975;2.62160608525013;-0.518537811073554;0.690945495233456;1.09801195472278;23.0184185092596
19.5367789304408;-1.93883082315194;2.70032053940617;-0.420904864087232;0.656503527218818;1.29641492119643;23.1554556088024
19.4968223088023;-2.06925251996418;2.78561951835515;-0.327956408666009;0.62320227210677;1.50122716484207;23.291860706259
19.4695348666118;-2.19888825746126;2.87458054763603;-0.242205421533037;0.58902887403427;1.69582691993785;23.4243372284722
19.4523309584741;-2.32577853430279;2.96583718160682;-0.163799670455314;0.554912014552519;1.88926082000501;23.5523884557687
19.444749912077;-2.45139462545016;3.05980884505679;-0.0912974055810147;0.518682524040451;2.07000279271334;23.6782331005479
19.4448545221242;-2.57660539193649;3.157338807788;-0.0231961146473898;0.48537167538144;2.2444631135081;23.8034439107336
19.4525061957434;-2.70255877352899;3.25735598478369;0.0404250815743885;0.453454461921615;2.40484798691182;23.9296294980396
19.4668761634073;-2.82390724299569;3.35681134774819;0.0984290792846767;0.425434636915767;2.55332849443055;24.0518258441903
19.4867130037718;-2.94002166018527;3.45419848211413;0.150850866906246;0.401097046401457;2.68596743682953;24.1696225254463
19.511091138107;-3.05104999309981;3.54916143836252;0.198380955873555;0.378011022620701;2.80375650143704;24.2832956715426
19.539076197382;-3.15753035483304;3.64177577053029;0.241783467954014;0.355244850257183;2.91205243750766;24.3933921336905
19.5702543724582;-3.25991931096092;3.7321491092374;0.281441032801284;0.331384954376893;3.01563719834218;24.5004228626333
19.6036361877131;-3.35809979403943;3.81997012927625;0.317416741487465;0.308401691124462;3.10504989587738;24.6041231656572
19.6396806655181;-3.45261362704427;3.9053118008476;0.349962294953357;0.286453364917641;3.18787977382813;24.7052768557011
19.6770087156872;-3.54380372913536;3.98840258971546;0.379342229420588;0.263033920893025;3.25919676785804;24.8038112052895
19.7162210047832;-3.63242188794415;4.06955913080087;0.405842896042525;0.238408780417603;3.32219065697507;24.9007172509565
19.7566918858776;-3.71889430472783;4.1490577923987;0.429702279527812;0.215994655322214;3.37510587398777;24.9961917034606
19.7984843474282;-3.80361151376452;4.22704404051771;0.451107652715136;0.19453937238285;3.41902298581734;25.0906565929669
19.8415661595706;-3.88691555801039;4.30368390068294;0.47024017029542;0.173876445266161;3.45344312482142;25.1844414868741
19.8856784417716;-3.96926724462333;4.37917933159475;0.487284480722557;0.154876421133622;3.47868588592515;25.2778636134233
19.9312239367167;-4.05103502112177;4.45366966608767;0.502399310370132;0.135916013529512;3.49509374171875;25.3714604156298
19.977587203646;-4.13234685854858;4.52718134626374;0.515706322035226;0.117888525058988;3.50302976008276;25.4650615236686
20.0253441723578;-4.21351468504152;4.5997822617443;0.52732401204338;0.101131790105776;3.50261846772592;25.5592365953071
20.073964103315;-4.29472796854951;4.67150850153551;0.537356765420157;0.0857177507027031;3.49412558060066;25.6538912048327
20.1236889862798;-4.37613903220788;4.74229180486302;0.545889801712855;0.0702586368935652;3.47778398538377;25.7492868298469
20.1741446644324;-4.45764000316381;4.81193276002224;0.552994334147123;0.0563373404764693;3.45390374827434;25.8451418439286
20.2253056599891;-4.53920780156422;4.88042845119027;0.558761929448783;0.0441646429389882;3.4226787840731;25.9414265945501
20.277474822518;-4.621638330434;4.9478245696302;0.56328071910968;0.0323412802014794;3.38432679153566;26.0389787016965
20.3298499968355;-4.7039423781315;5.01375610709136;0.566611053771794;0.0215271729994016;3.33921532076309;26.1365344045139
20.3826856647818;-4.78645396843586;5.07799067004016;0.568830044711678;0.012126169340975;3.28755481766638;26.234512822249
20.4354832185761;-4.8688447356944;5.1403760331684;0.570020272260485;0.00339956366170748;3.23011900889604;26.3323689422218
20.4881334943391;-4.95087760519883;5.20074804754421;0.570266020243203;-0.00513388956629395;3.17354405288704;26.4298442889359
20.5406201147412;-5.03277709882277;5.25930647579138;0.569651952946728;-0.0126223244227828;3.11768885803285;26.5271190152377
20.5931762027449;-5.11500073839665;5.31632278853967;0.568250309534426;-0.0196733517061225;3.06232986042315;26.6247042051542
20.6457193122432;-5.1975960968079;5.371917962255;0.566127658375461;-0.0266775770170157;3.00737578096748;26.7225958370071
20.6982352090674;-5.2806435190011;5.42619598817487;0.563345975958035;-0.0328085674804564;2.952744730418;26.8208546470558
20.7509379350524;-5.36452319585044;5.47936690992128;0.559955266048669;-0.0379317440146992;2.89823806913612;26.9199171400317
20.8037699812711;-5.4494127669988;5.53144128314362;0.556012006750122;-0.0425906212986506;2.84385169631181;27.019904461215
20.8561842189337;-5.53446386937952;5.58214596017218;0.551596959754279;-0.0467408761947771;2.78988556143248;27.119809127402
20.9081916292684;-5.61972973474286;5.63142198068152;0.546777886937226;-0.0499418777964916;2.73642804032138;27.2196842420496
20.9598398470952;-5.70537139017445;5.67938360822873;0.541603141075924;-0.0526697523370863;2.68338058121147;27.3196943992825
21.0110789958924;-5.79137076056021;5.72607398970344;0.536123623192268;-0.0552329178382599;2.63071740764364;27.4198010527887
21.0618905213088;-5.87774773070551;5.77152639944064;0.530388025050043;-0.0573641348848882;2.57842191749798;27.5200147848149
21.11225354864;-5.96450920460757;5.81577465406821;0.52444167577963;-0.0590517344540508;2.52647537954435;27.620334214018
21.1621551281947;-6.05166798943207;5.85885213155975;0.518326658299742;-0.0603775591702342;2.47485797629629;27.7207673829122
21.2115813020771;-6.13924166670794;5.90078809941056;0.512082370494062;-0.061341302512143;2.42355329246893;27.8213262990572
21.2605217091678;-6.22720927179098;5.94160870830938;0.505745504094946;-0.0619862420716356;2.37254747592513;27.9219914021976
21.3089612767483;-6.31560630944844;5.98133989572298;0.49934966398679;-0.0623249392997296;2.32182580402037;28.0227903504758
21.3569058116294;-6.40439713256098;6.02000665806561;0.492925505867249;-0.0623909937496322;2.27137356642363;28.1236986687353
21.4043437617791;-6.49362349235817;6.05763390138105;0.486500627961065;-0.0621742023411822;2.22117493027032;28.2247516370097
21.4512825749463;-6.58325177470932;6.0942414511882;0.480100477405782;-0.0617799629487496;2.17121970311271;28.3259271339384
21.4977082081197;-6.67328172436754;6.12984699351568;0.473747948086809;-0.0611503344997441;2.12149984087826;28.4272224016018
21.5436298550911;-6.7637129449807;6.16447061714711;0.467462605604342;-0.0603925246781939;2.07200312428458;28.5286452950833
21.5890560695229;-6.85452767444328;6.19813024425411;0.461261519665875;-0.0595707539612518;2.02271940603506;28.6301876805436
21.633973519067;-6.9457422271426;6.23084379103682;0.455158916681518;-0.0585436915010249;1.97363757620835;28.73186202292
21.6784270391909;-7.03732038628664;6.26262714107255;0.449166593755129;-0.0574205093223273;1.92474858307808;28.8336592462791
21.7223538786212;-7.12927746495502;6.29348981873535;0.443294808724408;-0.0562227100575622;1.8760526045055;28.9355693612803
21.7658222557199;-7.22154712563646;6.32344439792455;0.437550575960377;-0.054972576907666;1.82754482503925;29.0375653910553
21.8087964030657;-7.3141746709633;6.35250710248689;0.431937569961279;-0.0536006451409943;1.77921372229048;29.1396763086566
21.8513184031076;-7.40711696153675;6.38069239970756;0.426457233581549;-0.0523423045101569;1.73104948536117;29.2418838908832
21.8933890760141;-7.50039831280029;6.40801458760799;0.421108611651837;-0.0510620722614565;1.68304141882751;29.3442135151977
21.935002779618;-7.59399164599138;6.43448098254396;0.415890412155998;-0.0497887944450577;1.63519030169085;29.4466411108224
21.9761828381057;-7.6878397474805;6.46009569637048;0.410801424566587;-0.0486682592227309;1.58750297730156;29.5491265408608
22.016873367906;-7.78194134850063;6.4848662292504;0.405839612646221;-0.0474647401517022;1.53998044494141;29.6516488824747
22.057184307407;-7.87627585683398;6.50881583917198;0.400999484342767;-0.0462797977563219;1.49259206967742;29.7542352914475
22.0970702383644;-7.9710228811975;6.53196446589032;0.396275812999901;-0.0451153060958909;1.44531000509885;29.8570355157375
22.136584883686;-8.06598554444136;6.554310290639;0.39166750109572;-0.044040477284345;1.39814926959252;29.9598913109329
22.1756628464817;-8.161202541093;6.57585525791845;0.38717257260677;-0.0428780240390467;1.35111856438867;30.0628153782233
22.214359512563;-8.25663173920038;6.59660762910273;0.382787625780957;-0.0418485145715953;1.3042132468599;30.1657918989318
22.2526621561301;-8.35227201574484;6.6165741221888;0.378509429040911;-0.0408642757923824;1.25743159747159;30.2688169201729
22.2905520068089;-8.44809780398573;6.63575442480911;0.374336170329198;-0.0398989194335865;1.21078899012054;30.3718616797507
22.3280425769783;-8.54397236041883;6.65414429250064;0.370266960082152;-0.0390849855268973;1.16431332679651;30.4748057102861
22.3650690232392;-8.63992549003468;6.6717522831339;0.366298166620163;-0.0381270174332404;1.11800269199778;30.577654924215
22.4017585835628;-8.7359508790077;6.688591492399;0.362425047605908;-0.0371970675413982;1.07184202870432;30.6804508344652
22.4379779829764;-8.83203651255183;6.70466577860916;0.358644893182666;-0.0363248214670653;1.02584049993152;30.7831362466105
22.4738432442548;-8.92812084000501;6.7199842691066;0.35495377505919;-0.0355275468655217;0.979992753271184;30.8856960581777
22.5093284608076;-9.02432571148562;6.73456374104011;0.351345788861869;-0.0346223865603434;0.934267705248756;30.9882366739863
22.5444691475294;-9.12061791540702;6.74841301525427;0.347816761712076;-0.0339097550133352;0.888654663450185;31.090740607566
22.5792588419675;-9.21697386727575;6.76153607066739;0.344363709203239;-0.0333763901973752;0.843157790459967;31.1931847010982
22.6136828976926;-9.31339945468653;6.77394007431206;0.340982852045893;-0.0329482476041114;0.797770131850731;31.2955707817932
22.6478063774112;-9.40989329260968;6.78563147409854;0.337670587351592;-0.0326302918657275;0.752485854835319;31.3979205381448
22.6815380686274;-9.5064339988263;6.79661301172391;0.334424415585646;-0.0316261046482339;0.707313299787111;31.5001845833861
22.7149551068028;-9.60294273593598;6.80686654751431;0.331248696215696;-0.0304051065506804;0.662357675296434;31.6023150625729
22.7476047135382;-9.69846079693248;6.81635560006827;0.328155834043563;-0.0298511436448314;0.617843798254786;31.7032590906107
22.7797740906568;-9.79331791425266;6.8251183181475;0.325135830016829;-0.0295885526734439;0.57367498856466;31.8034226644811
22.8119020950399;-9.88882795305424;6.83325215578047;0.322154482758793;-0.0288333523458505;0.529385139760889;31.9041915891431
22.844033663134;-9.98537487193132;6.84077757980697;0.319199281349992;-0.0285068031867347;0.484814358708822;32.005944943942
22.8758763125172;-10.0820787843146;6.84763893083695;0.316287645753655;-0.0288496399560904;0.440257129576735;32.1077565394996
22.907164615215;-10.1781361171817;6.85381015039566;0.313430365271096;-0.0286535604478726;0.395915853080423;32.2087811359266
22.9383383695515;-10.2744860556136;6.85932582203044;0.310611640878692;-0.0280645553702949;0.351576911280368;32.3100486706812
22.9693199421018;-10.3714110956486;6.86419765067288;0.307822704354861;-0.0274592591447421;0.307126860301381;32.4118048558665
23.0000513985123;-10.4683569944251;6.86840444617689;0.305073627697824;-0.0268499565094838;0.262751738632667;32.5135050510615
23.0302111492298;-10.5646451715233;6.87193371287855;0.302376137883136;-0.0262155562804835;0.218669235657509;32.6144061095903
23.0599470532342;-10.6603191688742;6.8747983794979;0.299728619751138;-0.0258288567231585;0.174878847863861;32.7145946206884
23.0894787589342;-10.756140411966;6.87702421775955;0.297112042791657;-0.0254518642171885;0.131082755303333;32.814863420767
23.1189991157046;-10.852750328139;6.8786174681111;0.294512523362984;-0.025371597819398;0.0870564797070959;32.915882861306
23.1483518346671;-10.9498025473101;6.87956707549579;0.291933629342425;-0.0256922505372069;0.042865620335539;33.017276723825
23.1774258681742;-11.0469090459778;6.879865867056;0.289384061558477;-0.0255668495388684;-0.00133529322632907;33.1186422579472
23.2062590500967;-11.1440168263915;6.87951399225832;0.286865881369746;-0.0249981918705064;-0.0455076198040669;33.2199402016413
23.2347945379295;-11.2411298655082;6.87851280760603;0.284379371601672;-0.024498202774579;-0.0896482926664491;33.3211588581842
23.2630846203731;-11.3382044893345;6.87686358817616;0.281924752920055;-0.0241886555351309;-0.133760088357154;33.4222717226263
23.2911177499555;-11.4353305956892;6.87456624324874;0.279501405093047;-0.0238137846951408;-0.17786600836941;33.523362458551
23.318917250076;-11.5324947335446;6.87162031454017;0.277109743212303;-0.0235131638276053;-0.221975769450641;33.6244252206948
23.3464658204587;-11.629669468069;6.86802613819813;0.274751293778827;-0.0232256507147268;-0.266083714786993;33.7254294421908
23.3737689771048;-11.7268545879708;6.86378355859257;0.27242743215915;-0.0228872356380566;-0.310192150585387;33.8263770023058
23.4008407669206;-11.8240491200954;6.8588918985293;0.270139662276576;-0.0225693888058111;-0.354306648125019;33.9272712978768
23.4276658494591;-11.9212594420732;6.85335036789072;0.267889880987306;-0.0221932088568152;-0.398431163692442;34.0281148983292
23.4542718905485;-12.01846498569;6.84715848676623;0.265680481148313;-0.0217944319207095;-0.442565975719104;34.1288958446052
23.4806284197442;-12.1156664936859;6.84031514241394;0.26351397873057;-0.0213671085003667;-0.486715158291947;34.2296073126113
23.5067753314106;-12.2128709836436;6.83281849617567;0.261393086246185;-0.0209111148375631;-0.530885529322622;34.330267005923
23.53269464966;-12.3100757277413;6.824666575015;0.259320924638466;-0.0203862469798067;-0.575082511741967;34.4308680662237
23.5584055517004;-12.4072849505275;6.81585725447722;0.257300997359873;-0.0198575669378757;-0.619310710888092;34.5314199606784
23.5839052224804;-12.5044866157103;6.80638863182723;0.255337256323405;-0.0193070280111412;-0.663572498481806;34.6319107409728
23.6091990474416;-12.6016793245108;6.79625825939652;0.253433927650086;-0.0186900852270088;-0.707871956728933;34.7323408172704
23.6343003648273;-12.6988679429977;6.78546297796349;0.251595522029781;-0.0180375117498485;-0.752215038060819;34.8327186220776
23.6592058776444;-12.796045756314;6.77399966930524;0.249826985846177;-0.0173152723564964;-0.79660620975529;34.9330371745473
23.6839328782444;-12.893214627959;6.7618650113078;0.248133649536448;-0.0165222340500428;-0.841049716720533;35.0333028923946
23.7084800600194;-12.9903667996381;6.74905531736818;0.246521211227583;-0.0156692283440968;-0.885550179685289;35.1335082245634
23.7328613960178;-13.0875045093286;6.73556602666659;0.244995693213168;-0.0147720637164076;-0.930114147573916;35.2336590317942
23.7570927645756;-13.1846496418043;6.72138933483884;0.243563248630735;-0.0137996976320224;-0.974756945308362;35.3337806377837
23.7811889732967;-13.2818292070069;6.70651624853248;0.242230488212397;-0.0127651229815148;-1.0194947028291;35.4339030387122
23.8051601550452;-13.3790420615659;6.69093978029541;0.241004749508363;-0.011674121196658;-1.06433517186562;35.5340277441845
23.8290170856238;-13.4762853363441;6.67465341808529;0.239893882504428;-0.010485624976551;-1.10928354913063;35.6341547017246
23.8527713416741;-13.5735559489751;6.65765029721851;0.238906176878766;-0.00919843113814642;-1.15434512262622;35.7342838022005
23.8764353457594;-13.6708505918594;6.63992319031279;0.238050370494924;-0.00781803631030304;-1.19952527863111;35.834414879411
23.9000224122644;-13.7681657199437;6.62146449642862;0.23733565660719;-0.00634090968516423;-1.24482950941243;35.9345477104924
23.9235467940411;-13.8654975383007;6.60226622931281;0.236771691000402;-0.00476216063566037;-1.29026342177504;36.0346820173141
23.9470237297437;-13.9628419895259;6.5823200046225;0.236368598961732;-0.00307681675805356;-1.33583274657596;36.1348174690498
23.970469491807;-14.0601947409632;6.56161702598242;0.236136982084415;-0.00127982708544903;-1.38154334934799;36.2349536861301
23.9939014350275;-14.1575511717697;6.54014806970009;0.23608792489527;0.000633934876647688;-1.42740124219024;36.3350902457996
24.0173380457091;-14.2549063598301;6.51790346793072;0.236233001310086;0.00266966804708269;-1.47341259710609;36.4352266895277
24.0407989913456;-14.3522550685287;6.49487309004668;0.236584280925616;0.00483264046162193;-1.51958376098599;36.5353625325384
24.0643051708142;-14.4495917333849;6.47104632192366;0.237154335160833;0.00712818564779712;-1.56592127245738;36.6354972757523
24.0878787650699;-14.5469104485552;6.44641204280565;0.237956243270814;0.00949092849007578;-1.61243188085059;36.7356304204575
24.1115432883389;-14.6442049532031;6.42095859935885;0.239003598215852;0.0117038125627046;-1.6591225675551;36.8357614860476
24.1353236398301;-14.7414686177299;6.39467377644976;0.24031051248085;0.0142665887071387;-1.70600057007501;36.9358900311995
24.1592461559976;-14.8386944298598;6.36754476419608;0.241891623742909;0.0171139248995987;-1.753073409127;37.0360156788834
24.1832984481984;-14.9357705878893;6.33962672667645;0.243757453947201;0.0195035301659978;-1.80023454797795;37.1360271443155
24.2073007114582;-15.0319740610531;6.31100726197545;0.245914836408343;0.0230172834461816;-1.84733568358399;37.2351796374277
24.2315419759898;-15.12789760393;6.28166702577937;0.248377731548221;0.0276312750774972;-1.89441278773776;37.3341188358485
24.2556996338552;-15.2228137424458;6.25170899998036;0.251149392496528;0.0313724783388729;-1.94130930577646;37.4320609911459
24.2798741478397;-15.3165996320883;6.22118187028942;0.25423611405107;0.035605374770055;-1.98796547301585;37.5289124249113
24.3044271907259;-15.4100542917708;6.18989275821624;0.257669912358812;0.0402249863794994;-2.03468359001671;37.6255386394255
24.3292074713175;-15.5033766120081;6.15774982684355;0.261475523131333;0.0431872293505269;-2.08159329081339;37.722094932647
24.3544215587843;-15.59646323278;6.12470205941023;0.265674430937133;0.0463619185531865;-2.12875534268471;37.8185359466064
24.380201948418;-15.6899027744778;6.09061501242489;0.270300664453968;0.0512146688079742;-2.17634057133116;37.9154667283135
24.4063521694411;-15.7832851886617;6.05560762361935;0.275354592663217;0.0553670586109724;-2.22416294239376;38.0124415154407
24.4328089026148;-15.8756684469131;6.0198315109422;0.280828445314052;0.0600151048760593;-2.272008711847;38.1085384723924
24.4597908791468;-15.967948130603;5.98314535258075;0.286758404740519;0.0671317562314051;-2.32006148558019;38.2046819437229
24.4874248875184;-16.0600310303838;5.94546214623084;0.293174483613544;0.0729995493154466;-2.36842131419685;38.3008219398261
24.5155710285452;-16.1519783940981;5.90676733197963;0.300095036384796;0.076491258966661;-2.41709023218097;38.3969807821066
24.5445288428879;-16.2436430829692;5.86696423802391;0.307553681316043;0.081557757606062;-2.46617009611293;38.4931107472441
24.5745093714947;-16.3359144253491;5.82577851169742;0.315619235976663;0.0883644486730721;-2.51596733182;38.5901305015219
24.6052992189778;-16.4284220629654;5.78338684709024;0.324270568517318;0.0934855398428083;-2.56623503786157;38.6876275667361
24.6365976933928;-16.5197115551938;5.7401093444755;0.333447903652416;0.0992006010231377;-2.6165792033778;38.7841333483868
24.6688155482687;-16.6106384308359;5.69576541312163;0.343191547893461;0.107198765706927;-2.6672010472746;38.8805993366253
24.70204629682;-16.7013481334089;5.65016473354757;0.353543440772256;0.114953087684685;-2.71829780364435;38.97720437164
24.7362838217537;-16.7919550927079;5.60322813340831;0.364517824232703;0.119878326770686;-2.76993102611515;39.0740642146451
24.7717376673644;-16.8822999976159;5.55486269538415;0.376128779110965;0.123935313401484;-2.82217202866903;39.1711166592894
24.8084364980387;-16.9728570401273;5.50469202666173;0.388455911215887;0.130878184896286;-2.87538438719582;39.2688273655671
24.8471919895133;-17.0644225849084;5.45270700096294;0.401485114036554;0.137892863158387;-2.92952616053907;39.3682569241022
24.886386318429;-17.1546603220291;5.3995168913012;0.415039082275191;0.143243414005267;-2.98393069587304;39.4666390597763
24.9269063118041;-17.2437502527633;5.3450764620692;0.429100148514247;0.149664177601778;-3.03862682349895;39.564510841314
24.9688011517318;-17.332538703758;5.28896206811672;0.443741219750779;0.157410236793235;-3.09401728355011;39.6626870433316
25.012226769745;-17.420980308773;5.23107915159436;0.458964352294774;0.163204538684555;-3.14322463294024;39.7612147135439
25.0572950881346;-17.5090910749607;5.17143753299424;0.47475456875767;0.167130043412299;-3.18654731360933;39.8601826903882
25.1039269847438;-17.5969217139012;5.1100655472084;0.491078525976006;0.170217082029358;-3.22319665094338;39.9596249093803
25.1524942356426;-17.6842902679102;5.04692820826976;0.507912761723004;0.174375323868853;-3.25511607768906;40.0595851119085
25.2028697149849;-17.7715103550832;4.98203453341937;0.52524855428812;0.18041249683852;-3.28049420600487;40.1603076641271
25.2550275406666;-17.8581435217632;4.91565746711744;0.543059239315705;0.184503852181577;-3.2994599270554;40.2614300867091
25.3087708755655;-17.9441145525398;4.84790912211986;0.561369672963594;0.189195672472274;-3.31216873306061;40.362817285994
25.3646825861875;-18.0293462514694;4.77867772542838;0.580265073804453;0.196353642640886;-3.31847949845141;40.4647513916069
25.4225958397302;-18.1139827946661;4.70801472713823;0.59979132453276;0.202920679447537;-3.31822353961742;40.5673052281037
25.4825484179691;-18.1980232519153;4.63598811851392;0.619995515529196;0.207834205383293;-3.31128362602778;40.6705385080677
25.5448938263181;-18.2813107997153;4.56259536637245;0.640951179609545;0.2141971865286;-3.29753938691777;40.7745758357955
25.6094415346492;-18.3639342910482;4.48793430484204;0.662711458354696;0.223628522069009;-3.27685789263225;40.8794235728757
25.6765604362959;-18.4454719293709;4.41212388711468;0.685331453928569;0.231832245739309;-3.24914379646615;40.9850329163142
25.7460197859529;-18.5262292825469;4.33524925724003;0.708885090826786;0.236711201969051;-3.21429380459863;41.091552169723
25.8183585555988;-18.6056995828585;4.25750426444458;0.733422837873325;0.242037324493386;-3.17218829409022;41.1990157739129
25.892758743104;-18.6830442416634;4.17999694464119;0.758705884160659;0.251799444152313;-3.12277143575286;41.3063357820496
25.9666907596889;-18.7561227735471;4.10429201261863;0.784312984375965;0.261189085383052;-3.06626465645421;41.4102896896173
26.0413691204092;-18.8265617838602;4.02966993026092;0.810566065087447;0.270761111942798;-3.00284339120044;41.5129469433004
26.1204325121518;-18.8970354010648;3.95389824787386;0.838380467879201;0.28293772352716;-2.93247475007222;41.6188598822443
26.2043337968127;-18.9668704025391;3.87666538631372;0.86807336309724;0.297015255415208;-2.8554167463155;41.7280219315044
26.2917345475951;-19.0352186636782;3.7992190261152;0.899390954429379;0.31007297631196;-2.77169585858937;41.8389740654995
26.3806798630824;-19.0995182049612;3.72334214937081;0.931805574778763;0.318983805396805;-2.68130609228213;41.9487269705014
26.4706048303186;-19.1608188704215;3.64904467328276;0.965485624364478;0.329093875496223;-2.58440540819412;42.0575583598994
26.566466565762;-19.220191670016;3.57546329760886;1.00104623631146;0.344254256208974;-2.48116366703356;42.1703174023479
26.6628327486123;-19.2750406438306;3.50449623484408;1.03780030060522;0.357491981154647;-2.37203491570628;42.281199552064
26.7593890184457;-19.3255032420116;3.43670166831611;1.07563457563487;0.36816445448031;-2.25704665222719;42.3901471865464
26.8606079559723;-19.3731870623496;3.37037604462898;1.11575988863976;0.384435452387841;-2.13671455349221;42.502035613276
26.9671721488882;-19.4177413108242;3.30572597033711;1.15844885622454;0.401598163508979;-2.01170646338003;42.617538895779
27.0746518281212;-19.4567911586661;3.24431792110353;1.20304988956926;0.41399986110401;-1.88208536562362;42.7318926104739
27.1857048187782;-19.4917266902474;3.18618574747465;1.24990738112834;0.428561126547978;-1.74819164827494;42.8483110716418
27.3009649769688;-19.5210358861153;3.13151163777776;1.29932582759879;0.444228405940226;-1.61051906159278;42.9672393400584
27.4172452889923;-19.5444987942894;3.0817029063896;1.35043243042373;0.457073137079423;-1.46929260926692;43.0858631952657
27.5332838020679;-19.5613287832656;3.03712761375908;1.40314662639489;0.469346873448588;-1.32451516097983;43.2031158500149
27.6524827909378;-19.5720857503704;2.99748952274578;1.45823844285577;0.482822054058056;-1.17677133041487;43.3227992293493
27.7734129205636;-19.5757437371643;2.96324931962154;1.51564151554204;0.49436488124191;-1.02607647932006;43.4437846711128
27.8945739259578;-19.5721046807946;2.93507169461753;1.57475941450027;0.504572241534685;-0.872633629917945;43.5650003135002
28.0152141734221;-19.5611903133469;2.91331580057978;1.63524299272613;0.51435943379538;-0.71605109760902;43.6861332682443
28.1344265588837;-19.5425638481803;2.89820614454098;1.69681241634472;0.521037075663907;-0.556675655929745;43.8067920352364
28.2522830893039;-19.5168907016778;2.88985086049108;1.75951008391246;0.526221769689093;-0.393805716381581;43.9274123992468
28.3694718461372;-19.4828320821942;2.88839256997342;1.82344963411428;0.52869027873781;-0.228065733616393;44.0494500749428
28.4846661068056;-19.4415251167901;2.89399935955189;1.88824631569793;0.528204205129926;-0.0585566526787511;44.1718264741455
28.5969082674821;-19.3924613290904;2.90672556274171;1.95340439916168;0.525295144043824;0.113680799117521;44.2943236492018
28.7059275192364;-19.3363527044073;2.92656083452897;2.01858385048953;0.521801615882716;0.289824593816821;44.4169343135704
28.8108485538499;-19.2734342088292;2.95334832712879;2.08327105940409;0.515450660309341;0.467910395987838;44.5392746609223
28.9106177073782;-19.2045284094737;2.98670521910787;2.14675116525972;0.506778321255078;0.649344175101923;44.6605260245458
29.0046420339003;-19.130930245626;3.02620153493363;2.20857682310024;0.496666501551153;0.83106768141745;44.7799298088229
29.0934542175304;-19.0521300605735;3.0716796155464;2.2688203362425;0.483761881355242;1.01545314118473;44.8986609046886
29.1774215528868;-18.9691164006968;3.12290062520201;2.32743909576361;0.4715589593036;1.19784521189893;45.016736224434
29.2558796459202;-18.8816579233783;3.17938933454797;2.38413744055168;0.45661373792715;1.38212502534838;45.134229448142
29.3289226243456;-18.791664660623;3.23984874904791;2.43801322782055;0.440015776446996;1.56080527716341;45.2501348580183
29.3935754288503;-18.7022120798936;3.30305107723975;2.48862450528057;0.424683987493309;1.73098724057332;45.3605058203656
29.454771960298;-18.6098931582217;3.36990082691354;2.53719702490047;0.409316438228061;1.89685000063948;45.4712659158869
29.5118586504346;-18.5143476954433;3.44063882852536;2.58414156222392;0.390865679868704;2.05986452606689;45.5825665252666
29.5640975023509;-18.4172356762162;3.51418139507204;2.62895379847793;0.374536501860685;2.21833134606044;45.6928372916914
29.6120881562562;-18.3189497920664;3.59009759187335;2.67163726916949;0.361389399965536;2.37221721504484;45.8022137877285
29.6557635638026;-18.2193123793101;3.66834980743743;2.71240959630356;0.3461709372146;2.52220419446463;45.9110032874292
29.6960246894033;-18.1183243086269;3.7488309175745;2.75141324072401;0.33107875863919;2.66869250470253;46.0197210350831
29.7318850445674;-18.0165209175656;3.83071614502719;2.78845573757441;0.316226222632328;2.80983414944368;46.1276557167386
29.76405323587;-17.9152623219973;3.91315873644862;2.82340988967832;0.304437796964104;2.9426590714419;46.2339011670325
29.7923195486284;-17.8144017448863;3.99613743122639;2.85652189306334;0.293042718321294;3.06829279217088;46.3386477204465
29.8178728167766;-17.7130857532337;4.07997235255162;2.88813116619928;0.278428085525551;3.18633000549232;46.4431364742796
29.8401527578534;-17.6115224779028;4.16424466368822;2.91826228100899;0.262882907138742;3.2967631790464;46.5471148117847
29.8591825303586;-17.5102008611638;4.24861965097153;2.94696720993494;0.251708711182924;3.39926106108997;46.6502079844986
29.8758344975959;-17.4084406227089;4.33355043974051;2.97455134474341;0.243128426628677;3.49425956102705;46.7533216797251
29.8901230562099;-17.3057465768743;4.41924961972478;3.00120342037238;0.23245210006152;3.58199096441775;46.8570049954377
29.9022530867245;-17.2029966474342;4.50496168946729;3.02679570669146;0.224901902634487;3.6622170658539;46.9604684461835
29.9112592494592;-17.1012425995509;4.58959338466937;3.05111886611276;0.221038846358649;3.73448424199125;47.0626202803708
29.9181217173451;-17.000507814393;4.67294704332977;3.07424020355111;0.214749190714424;3.79850090419373;47.163588544723
29.9227562283339;-16.9007643531616;4.75506507732042;3.09628596305956;0.204007114837329;3.85431515219626;47.2634396175792
29.9253302344954;-16.8019369038965;4.83587391628246;3.11733384554804;0.194965352762473;3.9024227652317;47.3623005817458
29.9260858221306;-16.7041787079967;4.91534148516524;3.13741681524693;0.187940802546881;3.94608953287749;47.4600616976266
29.9249200169488;-16.6072747685871;4.99347318560469;3.15649035362668;0.179778268097822;3.98709594633372;47.5569726494062
29.922323372907;-16.5114783547902;5.07029892714089;3.1744960173297;0.171710147318598;4.02314132320792;47.6528042488743
29.917891677873;-16.4163939421923;5.14585320809304;3.19139299541568;0.162629632349236;4.05511962832192;47.7479918816844
29.9123502390296;-16.3223634181424;5.22012331794817;3.20713408450939;0.153218005130706;4.08244902950464;47.8421855491868
29.9052223513851;-16.2290991029554;5.29315051872238;3.22169568709715;0.142893929443824;4.10485959058151;47.9357218483949
29.8971266953778;-16.1365659198036;5.36496141922818;3.23506245121876;0.133004022381468;4.12177948281717;48.0286084977607
29.8878627117011;-16.0449779159686;5.43548970085702;3.24721619902142;0.12580876896329;4.13266112859402;48.1206638280792
29.8776234622431;-15.953856447342;5.50486261861505;3.25818543968444;0.116037637912484;4.13698220137322;48.2123587803619
29.8666123257105;-15.8632491061401;5.5730746876471;3.26798643264885;0.100914509599215;4.13436956946957;48.3036327383534
29.8545258702939;-15.7729470014177;5.64077113560249;3.27672859464669;0.0867347920665489;4.12451703229536;48.3947401064518
29.8410500517048;-15.6790086632724;5.71000613507597;3.28465847987304;0.073181337329234;4.10668761081191;48.4896401015
29.8264834000011;-15.5798392512931;5.78077503897582;3.2917381775563;0.0583343294542412;4.08127795204489;48.5898736269003
29.8112172636842;-15.4805787306514;5.85081458526394;3.29775182637373;0.0516297585708378;4.05014093628221;48.6903012420075
29.7957920182255;-15.3829809030322;5.91834993322339;3.30261789590688;0.0476023630449301;4.01431339705864;48.7891105237245
29.7806839049741;-15.2892818252736;5.98211375042251;3.30635529661801;0.0384190011079549;3.97444785934737;48.8840198080904
29.7653907730909;-15.1986049877872;6.04344325420784;3.30914803310015;0.0297844887766418;3.93019952979914;48.9759772370417
29.7488955468294;-15.1031640018144;6.10537889602591;3.311175080845;0.0213728398619176;3.88263918032441;49.072833183131
29.7319939248037;-15.0045884309635;6.16795991385261;3.31244799428727;0.00881768968814559;3.83398223397337;49.172847222124
29.7149673373236;-14.905823741543;6.22955692920852;3.31298397313661;-0.000325624575968825;3.78547822096517;49.273068819385
29.6979144885545;-14.8070622993723;6.28978131706635;3.31285945116478;-0.00396499676486614;3.73744557210062;49.373291681601
29.6808953992752;-14.7082966827876;6.34867805572589;3.31215742393861;-0.00769404736740422;3.68986641241232;49.4735129189675
29.6639621572801;-14.609520451051;6.40628941960782;3.31095740346188;-0.0122087644393004;3.64272377310982;49.5737300763835
29.647159423104;-14.510728081817;6.46265527361573;3.30933418825385;-0.0160453431156591;3.59600148857166;49.6739411740456
29.6305248969018;-14.4119149134023;6.51781334800676;3.30735850874929;-0.0192260893474023;3.54968411832064;49.7741447154707
29.6140897550773;-14.3130770907954;6.57179946191515;3.30509710535209;-0.0217918696597611;3.50375688840954;49.8743396707553
29.5978790559762;-14.2142115154923;6.62464770483434;3.30261286947971;-0.0237808003002866;3.45820564744048;49.9745254419274
29.5819121196082;-14.1153157985435;6.67639058029443;3.29996493463398;-0.0252287099277389;3.41301683348519;50.0747018158276
29.5662028857914;-14.0163882162685;6.72705911703531;3.29720875343379;-0.0261695803344688;3.36817744888578;50.1748689090363
29.5507602547069;-13.9174276681459;6.77668295331752;3.29439616372753;-0.0266359474812066;3.32367504050987;50.2750271085985
29.5355884132362;-13.8184336364612;6.82529040003689;3.29157544944436;-0.0266592346566283;3.27949768352011;50.3751770116579
29.5206871499248;-13.7194061473611;6.87290848810918;3.28879139956354;-0.0262700219877423;3.23563396712175;50.4753193665621
29.5060521609609;-13.6203457330186;6.91956300516929;3.28608536750797;-0.0254982584844433;3.19207298109421;50.5754550175145
29.4916753491628;-13.5212533946632;6.96527852603112;3.28349533235627;-0.0243734233284656;3.14880430219582;50.6755848544175
29.4775451175931;-13.4221305662743;7.01007844062462;3.28105596253582;-0.0229246422212547;3.10581797977736;50.7757097691592
29.4636466590665;-13.3229790787837;7.05398498232084;3.27879868205819;-0.0211807640825548;3.06310452014647;50.8758306192406
29.4499622424732;-13.223801124671;7.09701925873112;3.27675173888126;-0.0191704033504225;3.02065486939951;50.9759481993126
29.4364714965122;-13.1245992228797;7.13920128627925;3.27494027462516;-0.0169219534172891;2.97846039459223;51.0760632208908
29.4231516911343;-13.0253761840162;7.18055002914517;3.27338639463513;-0.0144635770878404;2.93651286324413;51.1761763002391
29.4099780167355;-12.926135075827;7.22108344260171;3.27210923726745;-0.0118231801333578;2.89480442128051;51.276287954165
29.3969238609341;-12.8268791889751;7.26081852033301;3.2711250412662;-0.00902837388579539;2.85332756960528;51.3763986032412
29.3839610826097;-12.7276120031543;7.29977134504321;3.27044721018333;-0.00610643227559586;2.81207513956571;51.4765085817781
29.3710602827848;-12.6283371535945;7.33795714152556;3.27008637295691;-0.00308424774978137;2.77104026762836;51.5766181537044
29.3581910718775;-12.5290583980152;7.3753903313479;3.27005043998667;1.17108448857391e-05;2.73021636962244;51.6767275333785
29.3453223328469;-12.4297795840877;7.41208458839342;3.27034465433083;0.00315543704100237;2.68959711493551;51.7768369102575
29.3324224797681;-12.3305046174612;7.44805289464355;3.27097163803442;0.00632142296939653;2.64917640105786;51.8769464762747
29.3194597114011;-12.2312374304091;7.48330759576619;3.27193143408743;0.0094846965534543;2.60894832887611;51.9770564547431
29.306402259332;-12.1319819511459;7.5178604562477;3.27322154513074;0.0126208669301315;2.5689071791099;52.0771671295901
29.2932186302436;-12.0327420738698;7.5517227139462;3.27483697098114;0.0157061906526772;2.52904739026639;52.1772788737449
29.2798778417605;-11.9335216296003;7.58490513401296;3.2767702485544;0.0187176807123701;2.48936353846435;52.2773921755503
29.2663496510645;-11.8343243579094;7.61741806208937;3.27901150011335;0.021623835204716;2.44985031944667;52.3775076621367
29.2526047749757;-11.7351538797086;7.64927147650377;3.28154849953901;0.02410390860195;2.41050253304817;52.4776261188032
29.2386150993083;-11.636013671361;7.68047503867451;3.28436677216013;0.0262007110265172;2.37131507033502;52.5777485035954
29.2243538734831;-11.5369070406181;7.71103813910704;3.28744975837877;0.0286848180847813;2.33228290353442;52.6778759564705
29.2097983645772;-11.4378410702397;7.74095141929412;3.2907770249076;0.0308747490200094;2.2934253495262;52.7780055191706
29.1950805112313;-11.339482447445;7.7700229079702;3.29430341218607;0.0328001317390901;2.25500665469783;52.8774591962529
29.1802622715634;-11.2427738830286;7.79817104398797;3.29799118327167;0.0360561300393548;2.21716004635242;52.975296442015
29.1651050760933;-11.1463056161378;7.82547033616619;3.30182311263084;0.0391452254083209;2.17981267347231;53.0729482064202
29.1500157847508;-11.0519810373931;7.851793306303;3.30575468644488;0.0407049135204748;2.14316993711471;53.1684720927973
29.1346361459046;-10.9587935817754;7.87726759945329;3.30977912420707;0.042109072683209;2.10708693827009;53.2629201482327
29.118861470804;-10.8656055471063;7.90222414319916;3.31392890677673;0.0436947437305755;2.07111242850445;53.3574339047977
29.1026570822009;-10.7719376855159;7.9267545078083;3.31820449646078;0.0442267562705283;2.03511688468234;53.4524930995393
29.0860259829735;-10.6783481708439;7.95080296439314;3.3225819441581;0.04448936078932;1.99918351601801;53.5475488238175
29.0690629751229;-10.5847736445002;7.97435789548011;3.32704455606525;0.0454777966278221;1.96333416362461;53.6426484327325
29.0515330857692;-10.4910176291865;7.99745705705806;3.33158568977611;0.0464584483028376;1.92751517049214;53.7380291825107
29.0336524388226;-10.3971858944362;8.02009583610378;3.33619146806636;0.0470316759940845;1.89173644268744;53.8335494001689
29.0152631074721;-10.3033216592818;8.04227223435716;3.34084889454506;0.0477907035420539;1.85600451747285;53.9291980392008
28.996451092414;-10.2093669864327;8.06399258613683;3.34554719292847;0.0489427688876764;1.82031271585032;54.0250175177045
28.9771681444512;-10.1153635401101;8.08526247850167;3.35027597476695;0.0490231471961845;1.78465515356803;54.1209783430587
28.9573996878063;-10.0212380255571;8.10614658245086;3.35503893802045;0.0484086302875614;1.74892337371713;54.2171573655532
28.9368153945232;-9.92577704465617;8.12685448995106;3.35987592031169;0.0476615785936997;1.71274385120058;54.3148124320092
28.9153078722776;-9.82817614645345;8.14740933408082;3.36478701301372;0.0467680900463984;1.67604669997058;54.4147549597095
28.893317230265;-9.73043585990242;8.16758223312999;3.3697112618146;0.0467337623982937;1.63922067059579;54.5149385509368
28.8709424840327;-9.63308001920913;8.18716484442253;3.37458836652278;0.0473527430783297;1.60265182795711;54.614832439569
28.8485199711587;-9.53730519736282;8.20601717273367;3.37937136661133;0.048281979048666;1.56663053753346;54.7131969940756
28.8257869242948;-9.44265737232712;8.22422637284581;3.38406995006977;0.0493349182849092;1.53102497346402;54.8105366170649
28.8026062814759;-9.34803920321899;8.24195976123857;3.38871707379236;0.0491261030052359;1.49552770890597;54.9079529407836
28.7789267207603;-9.25331810564759;8.25929958364896;3.39332647841967;0.0471347134326366;1.45997747177615;55.0055890402593
28.7545224335229;-9.1577670102585;8.27632738349509;3.39791379776901;0.0455378468989712;1.42419815592326;55.1042074009515
28.7294536966728;-9.06136670817753;8.29305535464891;3.40247757790505;0.0450104064954826;1.38814663790053;55.2038139258811
28.7038436501442;-8.96457499911773;8.30937960709588;3.40698482081513;0.0443766547083695;1.3520351983596;55.3039363980136
28.6780046555168;-8.86843665268468;8.32516042645605;3.41139103996151;0.0437923454194353;1.3161818693566;55.4034865627459
28.6519649004176;-8.77344761808416;8.34038568830524;3.41568584960722;0.0436399555567153;1.28063823136345;55.5019801439579
28.6254550647784;-8.67839619503135;8.3551756565962;3.41989678715557;0.0430987767293512;1.24513919563404;55.6006591407606
28.5983857976074;-8.58287894449195;8.3695833857782;3.42403412649811;0.041619385906084;1.20955674347278;55.6999379923645
28.5709024825022;-8.48738243125239;8.38357840292916;3.42808517609108;0.0404122631254148;1.17396284493238;55.7993106075564
28.5430229044489;-8.39194558038181;8.39712547244801;3.43203586918095;0.0397528352345626;1.13845099703273;55.8987362751504
28.5149331559581;-8.29711921493565;8.41019271649636;3.43587284370338;0.0389507219436482;1.10311735919536;55.9976355853301
28.4865333664172;-8.20261545592965;8.42279912600913;3.43959763006119;0.0382205297442095;1.06792628287041;56.096314400241
28.4577239251582;-8.10815487406933;8.43498325027431;3.44321808714379;0.03738941611403;1.03277970916158;56.1950705921028
28.4285846019133;-8.01373696205015;8.44675210092115;3.4467334323779;0.0361508431826434;0.997661406554814;56.2938827485879
28.3990688613508;-7.91939070925211;8.45810535088087;3.4501411537644;0.0348584019078482;0.962575730727451;56.392738170078
28.3692367007308;-7.82510495227882;8.46904409910435;3.45343946952696;0.0337744065962283;0.927522904677939;56.4916308481451
28.3390695299238;-7.73089175869342;8.47957001403642;3.45662705105896;0.0326339642234141;0.892501128241335;56.5905559917642
28.3085824961736;-7.63672414249785;8.4896861033178;3.45970326643754;0.0315134814737837;0.857503460525693;56.6895357834737
28.2777874526753;-7.54259071747695;8.49939432854902;3.46266746443753;0.0304310233493766;0.82252551790853;56.7885783824411
28.2466825536586;-7.44850641957969;8.50869484769784;3.4655187250418;0.0292893701715054;0.787568960876579;56.8876711160478
28.2153091464607;-7.35446806459111;8.5175881038412;3.46825647241317;0.028178873800624;0.752634508301867;56.9868048786525
28.1836386311425;-7.26048757304533;8.52607473692804;3.4708804387448;0.0270438375719072;0.717722093128584;57.0859782336009
28.1517236312003;-7.16654953271707;8.53415620629902;3.47339085942777;0.0259034242735445;0.682827917556511;57.1851897381859
28.1195301715205;-7.07263989915749;8.54183392642067;3.47578821345603;0.0247223014507529;0.647947495940462;57.284464297472
28.0871039155702;-6.97876514046818;8.54910820296683;3.47807288628636;0.0235843996443164;0.613080715418674;57.3837816292622
28.054437928037;-6.88492596529176;8.55597930342438;3.48024548698615;0.0224416549514987;0.578227567719765;57.4831438833596
28.0215507107209;-6.79112286674967;8.56244753688534;3.48230686342938;0.0213181596180933;0.543387752440923;57.5825450420998
27.9884558020704;-6.697352695698;8.56851359105667;3.48425820901643;0.0202484208277817;0.508558589462978;57.6819840583743
27.9551451381661;-6.60359844365825;8.57417823601673;3.48610097420841;0.0191523296269531;0.473736047750872;57.7814800889749
27.921654661455;-6.50986500662832;8.57944155073554;3.48783661148061;0.0180741571007159;0.438919542731359;57.8810168623191
27.8879661313693;-6.41615444189855;8.58430351022978;3.48946674771212;0.0170080920223978;0.404109046472436;57.9805989239633
27.8541183838051;-6.32246190825951;8.58876422638523;3.49099325222453;0.0159613601616113;0.369303397721597;58.0802180028332
27.8200991337697;-6.22878618423566;8.59282387356104;3.49241820695837;0.0149034160336249;0.334500400328779;58.179879683756
27.785929721287;-6.1351159069808;8.59648261084446;3.49374387218976;0.0138933697433502;0.299697022305775;58.2795876051585
27.7516138869133;-6.04145088333502;8.59974031107738;3.494972570689;0.0129098171224851;0.264891947365519;58.3793408664753
27.7171627135589;-5.94779149522791;8.60259670963588;3.49610668879841;0.0119456718403409;0.230084944997278;58.4791354771819
27.6825902432056;-5.85413773048782;8.60505155851865;3.49714867113623;0.0110284828405925;0.195275489679187;58.578966751622
27.647897836408;-5.76048842988674;8.60710464740529;3.49810100825547;0.0101190276006963;0.160462065506149;58.6788354383685
27.6131021624532;-5.66683544970406;8.60875575902353;3.49896623393944;0.00923373261888568;0.125641875252549;58.7787434942152
27.5781997298216;-5.5731740971412;8.61000452105983;3.49974686051999;0.008371137903038;0.0908133068563522;58.8786966270701
27.54321016009;-5.4795075386177;8.61085048469717;3.50044540337576;0.00753348216971574;0.0559753944361159;58.9786850972836
27.5081344531072;-5.38582911164821;8.61129317082637;3.50106440856853;0.00671528235475494;0.0211265425813871;59.0787148573544
27.4729833403389;-5.29213884759371;8.61133203561132;3.50160643972005;0.00592902393536042;-0.0137350210781466;59.1787821662393
27.437762746104;-5.1984314191716;8.61096646251323;3.5020740752102;0.00517921103620583;-0.0486110949176861;59.2788899701296
27.4024798750006;-5.10470488280572;8.61019577033711;3.50246990465015;0.00444466428313779;-0.0835031528390629;59.3790375842422
27.3671420273264;-5.01095976088578;8.60901921976455;3.50279653469985;0.00372955845960123;-0.118412649588202;59.4792219710598
27.3317562776202;-4.9171881408518;8.60743599066184;3.50305659255642;0.00305029069577184;-0.153341481204798;59.5794480555193
27.2963251842102;-4.82339291316147;8.6054451582863;3.50325272282368;0.00239643436362659;-0.188291950428606;59.679712242135
27.2608610694037;-4.72956188119446;8.60304576601185;3.50338758107171;0.00176950087229677;-0.223265466648035;59.7800215936382
27.2253634033275;-4.63570598489026;8.60023682227956;3.50346384243214;0.00117245228400336;-0.258263181461942;59.8803660681643
27.1898437490242;-4.54181371712863;8.59701724029629;3.5034842036272;0.000619031266186561;-0.293286755780403;59.9807523410668
27.1543042130091;-4.44789097873978;8.59338594077474;3.50345138180804;7.0315967597591e-05;-0.328337146107683;60.0811741484924
27.1187510270937;-4.35393438855558;8.58934163406753;3.50336811419258;-0.00044746231754638;-0.363416739491299;60.1816324476407
27.0831879958364;-4.25993056848189;8.58488284720649;3.50323715382253;-0.000935886549180959;-0.398528516997491;60.2821384045819
27.0476163749155;-4.16589265797302;8.58000828486507;3.50306128312689;-0.00142555046370316;-0.433673312164244;60.3826792859576
27.0120518173765;-4.07180573321141;8.57471645553695;3.502843305912;-0.00186330265034523;-0.468853004505219;60.4832635151591
26.9764792784279;-3.97767836415959;8.56900561474491;3.50258604277356;-0.0022651434710903;-0.504070489528849;60.5838883984229
26.9409243452184;-3.88349274519869;8.56287400359319;3.50229234296398;-0.00262795290632531;-0.539328016534304;60.684561553209
26.905370032307;-3.78926236965263;8.5563200972782;3.50196509974117;-0.00297541277522063;-0.57462608599079;60.785276362657
26.8698390509812;-3.69498819813835;8.54934235745275;3.50160724014136;-0.00326185169169688;-0.609965170757952;60.8860239187002
26.8343204523121;-3.60066105447491;8.54193853010042;3.50122168918573;-0.00357080264448043;-0.645348985030583;60.9868166807574
26.7988182762389;-3.50627857187045;8.53410625388431;3.50081140328432;-0.00388948324496527;-0.680780958226524;61.0876554507247
26.763340016445;-3.41183007048095;8.5258430125209;3.50037937135262;-0.00413118335056006;-0.716264500842148;61.1885476027125
26.7278723676418;-3.3173246771801;8.51714742342014;3.49992868321216;-0.00434796163573883;-0.751797863665746;61.289489286246
26.6924675560714;-3.22280159937201;8.50802079021208;3.49946260292978;-0.00452169898501432;-0.787369385715752;61.3904254686616
26.6570958240861;-3.12829081953738;8.4984637078746;3.49898438323534;-0.00464305758218041;-0.822972011224693;61.4913385348552
26.6217920669251;-3.03377924834221;8.48847428104222;3.49849718123927;-0.00468750202740038;-0.858608560864032;61.5922285361411
26.5865247340323;-2.9392639391627;8.47805026759807;3.49800417783775;-0.00474924135744836;-0.894282573260835;61.693109299613
26.5513201686726;-2.84475483483612;8.46719074092561;3.49750865699939;-0.00477637070856345;-0.929992803401756;61.7939623224867
26.5161698527763;-2.75025869741658;8.45589431381289;3.49701391783479;-0.00478437160782499;-0.965739621272535;61.8947842679888
26.481069473272;-2.65576477848848;8.44415834360817;3.49652324625531;-0.00478879259990679;-1.00152710273481;61.995586735001
26.4460293995067;-2.56127219268421;8.43198031283422;3.4960399819815;-0.00473226331113823;-1.03735839607084;62.0963669688837
26.4110283085047;-2.46677858023126;8.41935788127275;3.49556751987471;-0.00465418634107794;-1.0732357283989;62.1971346182844
26.3760975268119;-2.37229410437213;8.40628959251981;3.49510933235555;-0.00452855977882623;-1.10915864137768;62.2978692979535
26.3412062777008;-2.27782129732685;8.39277336505371;3.49466891157479;-0.00436720083090137;-1.14512836308246;62.3985793299044
26.3063752644663;-2.18335413284085;8.3788062066418;3.49424976846127;-0.00414540234945635;-1.18114827509999;62.4992632146575
26.2715858081388;-2.08889553458238;8.36438531079896;3.49385547262115;-0.00391070965192341;-1.21722088977086;62.5999246921775
26.2368438035085;-1.99444267796023;8.34950785530756;3.49348964498315;-0.00363423890677;-1.25334845502195;62.7005643911527
26.2021477932198;-1.90000374186199;8.33417185831146;3.49315597563399;-0.003325152073293;-1.28953099778235;62.8011751548975
26.1674930336736;-1.80558779964861;8.31837517895588;3.49285819448266;-0.00300078297976592;-1.32576888654553;62.9017501145209
26.1328822037237;-1.71118859364167;8.30211412519011;3.49260005194627;-0.00261374874164662;-1.36206585097439;63.0022942324223
26.0982982500759;-1.61680452204212;8.28538491326523;3.49238535616018;-0.00219538413153958;-1.39842541319566;63.1028148911031
26.0637532630663;-1.52243760132617;8.26818417377142;3.492217977157;-0.00173877007875767;-1.43484985363489;63.2033060442107
26.0292286051193;-1.42809104430462;8.25050888336734;3.49210183976808;-0.00123707795485918;-1.47134050174064;63.3037710870275
25.9947318405229;-1.33377238306243;8.23235587608677;3.4920409166123;-0.000676688186949594;-1.50789882168515;63.4042003488297
25.9602501715395;-1.23947954503045;8.21372152284277;3.49203922900916;-9.03851876016853e-05;-1.54452701761418;63.5046001735308
25.9257830642052;-1.14522034883706;8.19460218883753;3.4921008497978;0.000530500545113892;-1.58122707871776;63.6049634016326
25.8913221230092;-1.05099185796934;8.17499344805203;3.49222990696488;0.00120204093551364;-1.61800225855435;63.7052956744033
25.856859983916;-0.956795800816259;8.15489106961235;3.49243058226846;0.00190885429348796;-1.65485514481768;63.8055978987757
25.8223944501061;-0.86264127966799;8.13429117088075;3.49270710345277;0.00266250274678272;-1.69178745867389;63.9058622836462
25.7879137504654;-0.768524546309294;8.11318918326721;3.49306375510296;0.00346362164924847;-1.7288019406442;64.0060964003222
25.7534146314099;-0.674455755000963;8.09158044575802;3.49350487352286;0.00430979997584086;-1.76590123422146;64.1062918429023
25.7188866792935;-0.580431371382765;8.06946025383228;3.49403484327581;0.00520027151901202;-1.80308781308478;64.2064555298958
25.6843230140812;-0.48646152130032;8.04682378284128;3.49465809666783;0.00613394130393239;-1.84036412191577;64.3065803503822
25.6497151159087;-0.392545901367384;8.02366590796263;3.49537911763419;0.00712108138043418;-1.87773286579941;64.4066695620051
25.6150535579578;-0.298689793437376;7.99998126040173;3.49620244018774;0.00815304772457611;-1.91519689568154;64.5067215114882
25.5803290279781;-0.204898587178974;7.97576457285945;3.49713263412518;0.00923467811913856;-1.95275866257457;64.6067344274227
25.5455345783177;-0.111176147184004;7.95101052984369;3.49817430532068;0.0103744774853066;-1.99042047994293;64.7067071711371
25.5106544364364;-0.0175306278903875;7.92571273452995;3.49933213962616;0.0115531631544108;-2.02818606364196;64.8066376849025
25.4756841095069;0.0760449451200458;7.89986447139495;3.50061087533659;0.0127792043405683;-2.06605929541657;64.9065341894949
25.4406036768371;0.169533133658099;7.8734594581375;3.50201526099458;0.0140522877740724;-2.10404313473873;65.0063874726279
25.4054111422308;0.262940088146856;7.8464910410161;3.5035500893159;0.0153835589669604;-2.14214082621859;65.1062041728282
25.3700876161912;0.35625111475597;7.81895303822531;3.50522014537271;0.016745755490946;-2.18035471376905;65.2059774116185
25.3346275241995;0.449459768967607;7.7908387539035;3.50703025675663;0.0181797050045887;-2.21868765037864;65.3057033929073
25.2990127639148;0.542569132227257;7.76213945115549;3.50898539909258;0.0196702234609258;-2.25714498299502;65.4053917306242
25.2632277521014;0.635570138005342;7.73284681859135;3.51109053873627;0.0212061198494236;-2.29573112029417;65.5050398823693
25.2272674568012;0.728461311629204;7.70295328232779;3.51335059307364;0.022820221460378;-2.33444920803205;65.6046486820574
25.1911034824652;0.821225913728618;7.6724508149041;3.51577050747939;0.0244630778798579;-2.37330273617741;65.7042132562916
25.1547426919865;0.913864944721801;7.64133223659119;3.51835514526553;0.0261556982006568;-2.41229389314245;65.8037325868138
25.1181472113411;1.00635704596922;7.60958751837298;3.52110958783605;0.0278910904285172;-2.45142819014468;65.9032012652851
25.081317521162;1.09872212913127;7.57720501394133;3.52403905250291;0.0296949017007561;-2.49071271598897;66.0026383542722
25.0442270754642;1.1909346428341;7.54417596298431;3.52714847519013;0.0315249375759159;-2.53015067695147;66.1020307526005
25.0068673515315;1.28299016874733;7.51049127808802;3.53044277445435;0.0334419067438467;-2.56974544168325;66.2013784693508
24.9692229834116;1.37487895413089;7.4761422428955;3.53392677724912;0.0354356994245138;-2.60949972672376;66.300679261545
24.9312730293267;1.46657444089472;7.4411182313665;3.53760544119118;0.0374542007252052;-2.64941822449965;66.3999176679606
24.8930063168959;1.55810675267134;7.40540344267806;3.54148422078766;0.0395454963957519;-2.68951109364645;66.4991270696292
24.8543813234091;1.64944361364824;7.36898496033654;3.54556821087737;0.0416738642865845;-2.72978470767197;66.5982951708259
24.8154124781222;1.74059141762256;7.33185225473935;3.54986214810301;0.0439029615482506;-2.77024246530398;66.6974238401015
24.7760525405572;1.83151778229507;7.29399470020175;3.55437066792642;0.0461835773404905;-2.81088765091538;66.796503648729
24.7363143197715;1.92221388578429;7.25540110879503;3.55909835159221;0.0483768488747805;-2.85172393266266;66.8955233911007
24.6961512796712;2.01268078642578;7.21605042428921;3.56405089552761;0.0505387816592999;-2.89276496540168;66.9945048535155
24.6555264506874;2.10295210026068;7.17588910125223;3.56923811531291;0.0530029176403231;-2.93405677298188;67.0934962007709
24.6143303607224;2.19324200112971;7.13487062871596;3.57466898994106;0.0555262885878572;-2.97563571973262;67.1927402637033
24.5727218219688;2.28314143712892;7.09307203041852;3.58033576160916;0.057912448921276;-3.01741351498832;67.2918017551629
24.5307112339961;2.37256883523243;7.05053193965435;3.58623514777312;0.0606225490024063;-3.059344230445;67.3906053433233
24.4881566705501;2.46170278529248;7.00716926908901;3.59238034830055;0.0634785892026389;-3.10150001340642;67.4893765533158
24.4450855547753;2.55055530396749;6.96295145848592;3.59877774989357;0.0658872099610808;-3.14390292033038;67.5881180901125
24.4014594931063;2.63903463583973;6.91787600166646;3.60542907485281;0.0682429983125047;-3.18654555721205;67.6867681049392
24.3572790281853;2.72714223577615;6.87187982106419;3.61234479999213;0.0711484623508764;-3.22947702313335;67.7853321077353
24.3123115917996;2.81527323961328;6.82487682216765;3.61953880214738;0.0739450876330384;-3.27276489988774;67.8842722116995
24.2668516193782;2.90282898850694;6.77698870470464;3.62699259659802;0.0770247172905059;-3.31628561669492;67.9829262448501
24.220888765576;2.98970958905318;6.72828011989279;3.63469563478035;0.0803131855634509;-3.35997276265261;68.0812157289312
24.1742678254718;3.07615985436014;6.67863445706629;3.64266585632208;0.0818406731150369;-3.40392278379353;68.179435688348
24.127044338313;3.16211908337706;6.62800915757139;3.65090931925622;0.0835259985438815;-3.44816275346992;68.2775124276526
24.0787499015814;3.24808406710203;6.57596444538404;3.65949655583381;0.0874613740165191;-3.49305861654336;68.3761143092069
24.0288864527304;3.33537791145165;6.52233292815716;3.66845239654419;0.0907314844537048;-3.53872762591287;68.4766457908068
23.979656664041;3.41983762001529;6.46863801783423;3.67751610735473;0.0929146660540994;-3.58386887473438;68.5744057747729
23.9316976041265;3.50020132116546;6.41586849310811;3.68651462756236;0.0973793621391965;-3.62768639632866;68.6679920766041
23.8839987569224;3.57857708754609;6.36334876605521;3.69555986246219;0.101614221143541;-3.67077855855078;68.7597414132793
23.8364364724934;3.65512521339238;6.31073612028039;3.70470708595271;0.103495730468416;-3.71344711721373;68.8498623679496
23.7891419152713;3.72984237406551;6.25813908377204;3.71393179772315;0.106268068940299;-3.75562026893181;68.9382899046217
23.7421671391888;3.80229336802593;6.20562980245434;3.72321560983899;0.109572685888658;-3.79725781743832;69.024636740776
23.6954862479329;3.8731707806733;6.15314800490931;3.73256392330177;0.112538169259124;-3.83842436311012;69.1095055408855
23.6489785630469;3.94195930625423;6.10072218136936;3.74196644417416;0.115190062298849;-3.87911310336369;69.1925406298844
23.602959430726;4.00898922945976;6.04847283863874;3.75139637936068;0.118395586855647;-3.91924706742204;69.2738472787177
23.5573037180944;4.0739225670209;5.99645056254596;3.76084003406879;0.122469608026039;-3.9588051841718;69.3532247466965
23.5121711669455;4.13697783941873;5.94471961530969;3.77028245033613;0.129867361858614;-3.9977568410561;69.4307677318749
23.4675387692094;4.19807342881144;5.89324428283978;3.77972889384225;0.134030461938658;-4.03614632369512;69.5064296243368
23.4231131683064;4.25755979999336;5.8416943292809;3.7892407072674;0.133640720573467;-4.07423143489119;69.5806742360738
23.3779131157782;4.31693253296358;5.78761723537307;3.7992708697034;0.134302162756324;-4.11380522263875;69.6552943819388
23.3256282299508;4.38375058918103;5.72811032777018;3.81035012926631;0.135125081731237;-4.15691653364646;69.7401375426688
23.271668555855;4.45154212522583;5.66477309899142;3.82215801089184;0.129795070990274;-4.20231918595934;69.8267824431987
23.2171563923828;4.51824386016627;5.60016114007132;3.8341988500871;0.12592594568408;-4.24814228755101;69.9129259131224
23.1625168604607;4.58364712902408;5.53471533158439;3.84639936001262;0.137337459169292;-4.29097802041996;69.9981495367601
23.1083549102358;4.64672624430547;5.47090285487535;3.85832298909122;0.149895261985107;-4.32878810877163;70.081290932207
23.0619685779506;4.70012758258193;5.41381118166203;3.86902830951174;0.154207509614921;-4.36063263256894;70.1520256107783
23.0209013949803;4.74615908030436;5.36282391510628;3.87862850697934;0.158660078871768;-4.38784690028951;70.213713634735
22.9803410965697;4.79043818388103;5.31330972754853;3.88799639520862;0.170589395054917;-4.41273983717199;70.2737617556108
22.9404498600936;4.83361840507271;5.26415862590913;3.89734431755412;0.182809637671374;-4.43584767684046;70.3325481677292
22.9006344603475;4.87531082754562;5.21503420321584;3.90673753361139;0.186706786883257;-4.45687785484627;70.3901981820275
22.8608552973649;4.91725707401542;5.16383029514482;3.91658298860761;0.195929318299559;-4.47636050133693;70.4480070861903
22.8131427482065;4.96490585350941;5.10484875961547;3.9279881985596;0.197771796800977;-4.49567699447977;70.5154377434203
22.7563910932156;5.02105455573645;5.03278961893814;3.94199962345169;0.17378760517632;-4.51489115992884;70.5952714900816
22.6864086283127;5.08705016763352;4.94700174169054;3.95876733122844;0.136517673675403;-4.53140554149084;70.691463829608
22.6103482809037;5.15603081785888;4.85551215056204;3.9767138709167;0.19128064928526;-4.54291242363075;70.7941454080604
22.5451403349947;5.214222982933;4.77567873112081;3.99237264039082;0.216857154067881;-4.55076812783448;70.8815433730578
22.5000373639421;5.25597634378926;4.70923951200839;4.00536794403142;0.210181182843478;-4.5538325998477;70.9430057285331
22.4424380674811;5.30495385505242;4.63199618768062;4.02039248211416;0.202393130326049;-4.55308613625595;71.0186131062308
22.3621451194171;5.36814595134736;4.53549331347214;4.03889876105632;0.216236798760242;-4.54770300674148;71.1207903959921
22.2817407896123;5.42923346751849;4.43867696086016;4.05703859330765;0.212307158757398;-4.53186787629317;71.2217683187442
22.2226939533301;5.47512049371014;4.35990924356217;4.07146401703763;0.212669459190879;-4.5025821037706;71.2965489850133
22.1763249412784;5.51032836023586;4.29680107110253;4.08284528913151;0.229382271541578;-4.46272109639021;71.3547699360871
22.1267181533775;5.54598582939491;4.23189151122727;4.09445113478805;0.266428483315395;-4.39968568140298;71.4158623948089
22.0646084572589;5.58785000685045;4.15529957307568;4.10806339476702;0.275404025474869;-4.31119987298903;71.4907638214039
21.993369310603;5.63521389629327;4.06684062997342;4.12370919302959;0.191713411522227;-4.20657356353954;71.57631120032
21.912986573469;5.6856849903527;3.97083930470877;4.14072460602197;0.165523710492804;-4.08989179632421;71.6712254551225
21.8298014036983;5.73598902800624;3.8727828267488;4.15819278014623;0.199898902988872;-3.98124681782874;71.7684379474989
21.7524772659831;5.78187454274861;3.78193915696257;4.17444754876881;0.1872142410519;-3.87341389701258;71.8583518103709
21.682812871093;5.82493227248662;3.69407353463062;4.19032032402883;0.18092328779268;-3.75709452657641;71.9402486723719
21.5939507442716;5.86977630193037;3.59798295345909;4.2078474004372;0.219968384069337;-3.62723420224957;72.0397849198397
21.5076142094862;5.91531137509641;3.50201411084446;4.22565915735127;0.220322937545473;-3.49101865177423;72.137393526668
21.4220891741626;5.95835704280614;3.40752562383613;4.24340049308413;0.18592764670676;-3.35117689694151;72.2331403865418
21.3257445960738;6.0035436522934;3.30473509353131;4.26326919109541;0.185749853931231;-3.19256004600062;72.3395551759466
21.2153676594026;6.05287367817098;3.19101314671456;4.28547480672347;0.177148025634731;-3.00660113825109;72.4604539749564
21.0872874426351;6.10587599781782;3.05696939012661;4.31173920516378;0.145612874902008;-3.08165504519807;72.5990677831255